{
  "num_samples": 64,
  "z_H": {
    "shape_per_sample": [
      900,
      512
    ],
    "norms": {
      "mean": 678.835693359375,
      "std": 0.0057750181294977665,
      "min": 678.8248291015625,
      "max": 678.8544921875
    },
    "pca": {
      "singular_values": [
        1050.791015625,
        936.2042846679688,
        607.6345825195312,
        558.4462890625,
        446.3230895996094,
        390.0423889160156,
        372.57098388671875,
        339.034912109375
      ],
      "explained_variance": [
        0.3379935026168823,
        0.2682976722717285,
        0.1130213811993599,
        0.09546373784542084,
        0.06097816303372383,
        0.04656925052404404,
        0.042490679770708084,
        0.0351855605840683
      ]
    }
  },
  "z_L": {
    "shape_per_sample": [
      900,
      512
    ],
    "norms": {
      "mean": 678.8351440429688,
      "std": 0.004934119060635567,
      "min": 678.8191528320312,
      "max": 678.8449096679688
    },
    "pca": {
      "singular_values": [
        1498.501708984375,
        1134.31201171875,
        1007.1976318359375,
        868.4205322265625,
        693.9788208007812,
        610.4336547851562,
        519.8106079101562,
        462.9913024902344
      ],
      "explained_variance": [
        0.3382005989551544,
        0.19378715753555298,
        0.15278801321983337,
        0.11358476430177689,
        0.07253579050302505,
        0.05612248182296753,
        0.040695857256650925,
        0.032285358756780624
      ]
    }
  },
  "logits": {
    "shape_per_sample": [
      900,
      12
    ],
    "norms": {
      "mean": 6860.099609375,
      "std": 834.1341552734375,
      "min": 5232.87109375,
      "max": 9165.90625
    },
    "pca": {
      "singular_values": [
        7834.8642578125,
        5538.92529296875,
        3643.438720703125,
        3286.140869140625,
        2718.22021484375,
        2553.25927734375,
        2248.472900390625,
        2030.8907470703125
      ],
      "explained_variance": [
        0.44090208411216736,
        0.2203587293624878,
        0.09534592926502228,
        0.07756245881319046,
        0.05306992679834366,
        0.04682406038045883,
        0.03631236404180527,
        0.029624588787555695
      ]
    }
  }
}