{
  "count": 992,
  "last_step": 100,
  "last_loss": 0.355911,
  "last_loss_ema": 0.2973807402163049
}